[
  { "employeeId": "EMP001", "name": "Ahmed Ali", "department": "Manufacturing", "factory": "Factory A", "designation": "Production Manager" },
  { "employeeId": "EMP002", "name": "Fatima Hassan", "department": "Quality Assurance", "factory": "Factory A", "designation": "QA Inspector" },
  { "employeeId": "EMP003", "name": "Mohammed Saeed", "department": "Maintenance", "factory": "Factory A", "designation": "Maintenance Technician" },
  { "employeeId": "EMP004", "name": "Layla Khalil", "department": "HR", "factory": "Factory A", "designation": "HR Specialist" },
  { "employeeId": "EMP005", "name": "Omar Ibrahim", "department": "Manufacturing", "factory": "Factory B", "designation": "Assembly Operator" },
  { "employeeId": "EMP006", "name": "Hana Khalid", "department": "Finance", "factory": "Factory B", "designation": "Accountant" },
  { "employeeId": "EMP007", "name": "Rashid Ahmed", "department": "Operations", "factory": "Factory B", "designation": "Supervisor" },
  { "employeeId": "EMP008", "name": "Amira Noor", "department": "Manufacturing", "factory": "Factory C", "designation": "Line Lead" },
  { "employeeId": "EMP009", "name": "Karim Hassan", "department": "Quality Assurance", "factory": "Factory C", "designation": "Testing Engineer" },
  { "employeeId": "EMP010", "name": "Dina Salim", "department": "Safety", "factory": "Factory C", "designation": "Safety Officer" },
  { "employeeId": "EMP011", "name": "Salim Mohsin", "department": "Manufacturing", "factory": "Factory A", "designation": "Production Operator" },
  { "employeeId": "EMP012", "name": "Zainab Ali", "department": "Logistics", "factory": "Factory A", "designation": "Warehouse Manager" },
  { "employeeId": "EMP013", "name": "Tariq Mansour", "department": "Manufacturing", "factory": "Factory B", "designation": "Production Operator" },
  { "employeeId": "EMP014", "name": "Noor Khalil", "department": "Quality Assurance", "factory": "Factory B", "designation": "Quality Engineer" },
  { "employeeId": "EMP015", "name": "Hassan Ibrahim", "department": "Maintenance", "factory": "Factory B", "designation": "Electrical Technician" },
  { "employeeId": "EMP016", "name": "Laila Ahmed", "department": "Manufacturing", "factory": "Factory C", "designation": "Production Manager" },
  { "employeeId": "EMP017", "name": "Majid Rashid", "department": "Operations", "factory": "Factory C", "designation": "Operations Manager" },
  { "employeeId": "EMP018", "name": "Rania Samir", "department": "Safety", "factory": "Factory A", "designation": "Safety Officer" },
  { "employeeId": "EMP019", "name": "Yousef Karim", "department": "Manufacturing", "factory": "Factory A", "designation": "Assembly Operator" },
  { "employeeId": "EMP020", "name": "Mariam Hassan", "department": "HR", "factory": "Factory B", "designation": "HR Manager" },
  { "employeeId": "EMP021", "name": "Jamal Ahmed", "department": "Finance", "factory": "Factory A", "designation": "Finance Manager" },
  { "employeeId": "EMP022", "name": "Leila Noor", "department": "Manufacturing", "factory": "Factory B", "designation": "Line Lead" },
  { "employeeId": "EMP023", "name": "Ali Salim", "department": "Maintenance", "factory": "Factory C", "designation": "Maintenance Supervisor" },
  { "employeeId": "EMP024", "name": "Samira Khalid", "department": "Quality Assurance", "factory": "Factory A", "designation": "QA Inspector" },
  { "employeeId": "EMP025", "name": "Nasir Mansour", "department": "Manufacturing", "factory": "Factory C", "designation": "Production Operator" },
  { "employeeId": "EMP026", "name": "Hiba Ahmed", "department": "Logistics", "factory": "Factory B", "designation": "Logistics Coordinator" },
  { "employeeId": "EMP027", "name": "Rahim Hassan", "department": "Manufacturing", "factory": "Factory A", "designation": "Assembly Lead" },
  { "employeeId": "EMP028", "name": "Saida Khalil", "department": "Safety", "factory": "Factory B", "designation": "Safety Inspector" },
  { "employeeId": "EMP029", "name": "Ibrahim Ali", "department": "Operations", "factory": "Factory A", "designation": "Operations Coordinator" },
  { "employeeId": "EMP030", "name": "Yasmin Saeed", "department": "HR", "factory": "Factory C", "designation": "Recruiter" },
  { "employeeId": "EMP031", "name": "Faisal Rashid", "department": "Manufacturing", "factory": "Factory B", "designation": "Production Operator" },
  { "employeeId": "EMP032", "name": "Lina Karim", "department": "Quality Assurance", "factory": "Factory C", "designation": "Testing Engineer" },
  { "employeeId": "EMP033", "name": "Khalid Ahmed", "department": "Finance", "factory": "Factory A", "designation": "Payroll Specialist" },
  { "employeeId": "EMP034", "name": "Mona Hassan", "department": "Manufacturing", "factory": "Factory C", "designation": "Line Lead" },
  { "employeeId": "EMP035", "name": "Sayed Noor", "department": "Maintenance", "factory": "Factory B", "designation": "Mechanical Technician" },
  { "employeeId": "EMP036", "name": "Huda Mansour", "department": "Logistics", "factory": "Factory C", "designation": "Warehouse Supervisor" },
  { "employeeId": "EMP037", "name": "Adel Khalid", "department": "Manufacturing", "factory": "Factory A", "designation": "Assembly Operator" },
  { "employeeId": "EMP038", "name": "Alia Ahmed", "department": "Safety", "factory": "Factory A", "designation": "Safety Officer" },
  { "employeeId": "EMP039", "name": "Nabil Salim", "department": "Operations", "factory": "Factory B", "designation": "Shift Supervisor" },
  { "employeeId": "EMP040", "name": "Randa Ibrahim", "department": "Quality Assurance", "factory": "Factory A", "designation": "QA Lead" },
  { "employeeId": "EMP041", "name": "Tariq Ali", "department": "Manufacturing", "factory": "Factory C", "designation": "Production Operator" },
  { "employeeId": "EMP042", "name": "Salma Hassan", "department": "HR", "factory": "Factory A", "designation": "HR Coordinator" },
  { "employeeId": "EMP043", "name": "Karim Khalil", "department": "Finance", "factory": "Factory B", "designation": "Accountant" },
  { "employeeId": "EMP044", "name": "Jasmine Rashid", "department": "Maintenance", "factory": "Factory C", "designation": "Maintenance Technician" },
  { "employeeId": "EMP045", "name": "Waleed Ahmed", "department": "Manufacturing", "factory": "Factory B", "designation": "Assembly Lead" },
  { "employeeId": "EMP046", "name": "Nadia Karim", "department": "Logistics", "factory": "Factory A", "designation": "Inventory Manager" },
  { "employeeId": "EMP047", "name": "Rashid Noor", "department": "Safety", "factory": "Factory C", "designation": "Safety Officer" },
  { "employeeId": "EMP048", "name": "Amina Salim", "department": "Operations", "factory": "Factory A", "designation": "Operations Manager" },
  { "employeeId": "EMP049", "name": "Zaki Hassan", "department": "Manufacturing", "factory": "Factory B", "designation": "Production Manager" },
  { "employeeId": "EMP050", "name": "Hanna Khalid", "department": "Quality Assurance", "factory": "Factory C", "designation": "QA Inspector" },
  { "employeeId": "EMP051", "name": "Majdi Ahmed", "department": "Finance", "factory": "Factory C", "designation": "Finance Analyst" },
  { "employeeId": "EMP052", "name": "Salwa Mansour", "department": "Manufacturing", "factory": "Factory A", "designation": "Production Operator" }
]
