[
  {
    "employeeId": "EMP-001",
    "name": "Ahmed Ali Hassan",
    "nameAr": "أحمد علي حسن",
    "department": "Production",
    "departmentAr": "الإنتاج",
    "factory": "Riyadh Factory",
    "factoryAr": "مصنع الرياض",
    "designation": "Production Supervisor",
    "designationAr": "مشرف إنتاج",
    "email": "ahmed.ali@alfanar.com",
    "phone": "+966512345678"
  },
  {
    "employeeId": "EMP-002",
    "name": "Mohammed Ibrahim",
    "nameAr": "محمد إبراهيم",
    "department": "Quality",
    "departmentAr": "الجودة",
    "factory": "Riyadh Factory",
    "factoryAr": "مصنع الرياض",
    "designation": "Quality Engineer",
    "designationAr": "مهندس جودة",
    "email": "mohammed.ibrahim@alfanar.com",
    "phone": "+966512345679"
  },
  {
    "employeeId": "EMP-003",
    "name": "Khalid Saeed",
    "nameAr": "خالد سعيد",
    "department": "Maintenance",
    "departmentAr": "الصيانة",
    "factory": "Jeddah Factory",
    "factoryAr": "مصنع جدة",
    "designation": "Maintenance Technician",
    "designationAr": "فني صيانة",
    "email": "khalid.saeed@alfanar.com",
    "phone": "+966512345680"
  },
  {
    "employeeId": "EMP-004",
    "name": "Omar Abdullah",
    "nameAr": "عمر عبدالله",
    "department": "Warehouse",
    "departmentAr": "المستودعات",
    "factory": "Riyadh Factory",
    "factoryAr": "مصنع الرياض",
    "designation": "Warehouse Manager",
    "designationAr": "مدير المستودعات",
    "email": "omar.abdullah@alfanar.com",
    "phone": "+966512345681"
  },
  {
    "employeeId": "EMP-005",
    "name": "Faisal Mohammed",
    "nameAr": "فيصل محمد",
    "department": "Production",
    "departmentAr": "الإنتاج",
    "factory": "Dammam Factory",
    "factoryAr": "مصنع الدمام",
    "designation": "Machine Operator",
    "designationAr": "مشغل آلات",
    "email": "faisal.mohammed@alfanar.com",
    "phone": "+966512345682"
  },
  {
    "employeeId": "EMP-006",
    "name": "Youssef Ahmed",
    "nameAr": "يوسف أحمد",
    "department": "Safety",
    "departmentAr": "السلامة",
    "factory": "Riyadh Factory",
    "factoryAr": "مصنع الرياض",
    "designation": "Safety Officer",
    "designationAr": "مسؤول السلامة",
    "email": "youssef.ahmed@alfanar.com",
    "phone": "+966512345683"
  },
  {
    "employeeId": "EMP-007",
    "name": "Tariq Hassan",
    "nameAr": "طارق حسن",
    "department": "HR",
    "departmentAr": "الموارد البشرية",
    "factory": "Jeddah Factory",
    "factoryAr": "مصنع جدة",
    "designation": "HR Coordinator",
    "designationAr": "منسق موارد بشرية",
    "email": "tariq.hassan@alfanar.com",
    "phone": "+966512345684"
  },
  {
    "employeeId": "EMP-008",
    "name": "Nasser Saleh",
    "nameAr": "ناصر صالح",
    "department": "Logistics",
    "departmentAr": "اللوجستيات",
    "factory": "Dammam Factory",
    "factoryAr": "مصنع الدمام",
    "designation": "Logistics Supervisor",
    "designationAr": "مشرف لوجستيات",
    "email": "nasser.saleh@alfanar.com",
    "phone": "+966512345685"
  },
  {
    "employeeId": "EMP-009",
    "name": "Ibrahim Mahmoud",
    "nameAr": "إبراهيم محمود",
    "department": "Production",
    "departmentAr": "الإنتاج",
    "factory": "Riyadh Factory",
    "factoryAr": "مصنع الرياض",
    "designation": "Production Worker",
    "designationAr": "عامل إنتاج",
    "email": "ibrahim.mahmoud@alfanar.com",
    "phone": "+966512345686"
  },
  {
    "employeeId": "EMP-010",
    "name": "Saud Al-Rashid",
    "nameAr": "سعود الراشد",
    "department": "IT",
    "departmentAr": "تقنية المعلومات",
    "factory": "Riyadh Factory",
    "factoryAr": "مصنع الرياض",
    "designation": "IT Support",
    "designationAr": "دعم تقني",
    "email": "saud.alrashid@alfanar.com",
    "phone": "+966512345687"
  },
  {
    "employeeId": "EMP-011",
    "name": "Majid Al-Otaibi",
    "nameAr": "ماجد العتيبي",
    "department": "Quality",
    "departmentAr": "الجودة",
    "factory": "Jeddah Factory",
    "factoryAr": "مصنع جدة",
    "designation": "Quality Inspector",
    "designationAr": "مفتش جودة",
    "email": "majid.alotaibi@alfanar.com",
    "phone": "+966512345688"
  },
  {
    "employeeId": "EMP-012",
    "name": "Abdullah Al-Qahtani",
    "nameAr": "عبدالله القحطاني",
    "department": "Maintenance",
    "departmentAr": "الصيانة",
    "factory": "Dammam Factory",
    "factoryAr": "مصنع الدمام",
    "designation": "Maintenance Engineer",
    "designationAr": "مهندس صيانة",
    "email": "abdullah.alqahtani@alfanar.com",
    "phone": "+966512345689"
  }
]
